review,vader_compound,vader_pos,vader_neg,vader_neu,textblob_polarity,sentiment
value money 455 performance 55 build quality 455 design 455 noise 45only drier make little noise brief first purchase fully automatic machine using semiautomatic machine past 20 year finally decided shift fully automatic machine heard really bad feedback top load decided front load shortlisted 3 brand budget samsung lg bosch heard quality issue bosch indian retail washing machine list got 24k bbd sale card discount delivery decided buy samsung trust brand looking offline store though feel lg slight edge build quality loved design samsung little bit better coming delivery delivered 8 day fine considering bbd rush installation done next day samsung guy installation installation smooth staff considerate request offered stand 1600 cover 500 felt quality nice decided go explained feature great patience basically going use daily wash mode 90 time installed machine bathroom fine operation turn machine tap choose mode 2 cap liquid detergent turn machine daily wash mode take 66 minute try use 800 rpm feel like 1400 going affect clothes also choose temperature heater also choose option like soiled extra dirty clothes rinse rinsing clothes little longer option increase washing time get job done performance washing perfect maybe havent experienced front load definitely much better semiautomatic machine also use rinse dry option dry wet clothes heater dry clothes well use 40 degree safer side moisture content drying 2025 pretty okay price using month tried type different clothes like bedsheets cotton synthetic polyester wool etc stain well vanished single load fit 1112 normal clothes 23 bedsheets 12 ac quilt overall value money washing machine ample feature little budget go wifi connected one userfriendly operation,0.9936,0.206,0.027,0.767,0.14446589446589453,Positive
delivery experience horrible one person come delivery one person lift 65kg item customer choice follow delivery boy lifting placing home kind delivery manner lady home flipkart expect experience woman flipkart must respond overall good product worst delivery experience,-0.3182,0.132,0.159,0.71,-0.14,Negative
excelent machine using top load machine last 12yrs switched front load must say efficient top load machine take less water cleaning efficiency excelent ai feature auto detects kind load wash machine wifi enabled connect phone confort app select wash mode want many feature would like highlight really helpful every day use 1it got option bubble washhere clothes socked soap solution time wash start 2 temp 90 degree option select temprature 40 90 degress 3 customize rinz cycleie many rinz cycle want 4 may sound gimic wifi enabled machine really useful give much informaiton machine name fewit tell many wash remaining durm clean much energy used also tell much money consumed also give option customized wash preferrence via app need infrot machien rotating nob everytimeover using top load washing machine form last 12yrs moving machine really good dicision took tried share experience machine hopefully help others take decision,0.9895,0.267,0.0,0.733,0.33333333333333337,Positive
amazing product good quality,0.7717,0.77,0.0,0.23,0.65,Positive
pro enough wash cycle option panel low noise operation touch panel select function better tactile button clothes washed expected depending cycle selected earlier thought top load wash better front load better opinion wash cycle spray water jet clothes remove detergent rinse con 9kg drum size look old 65 kg top load machine purchasing online visit store check drum size per expectation buy 12kg version possible quick wash option meant clothes electricity consumption higher sometimes clothes dry whirlpool top load used dry better 800 rpm speed samsung 1400 speed easy throw soiled clothes one like top load feel frequent open close front door may loosen lock rubber gasket time let see convenience filling water external pipe bucket water supply gone something con highlighting someone face irregular water supply,0.959,0.17,0.015,0.815,0.22651515151515153,Positive
technician came installation knowledge company get installation done people even install installation part washing machine provided company,0.0,0.0,0.0,1.0,0.0,Neutral
fast delivery delivery person demanded extra money exchange washing machine even senior demanding extra money installation hurry proper manner product first thing ive noticed rat protection panel cardboard material one easily make panel provided plastic steel rubber cycle stop thrice daily wash cycle first day usage acceptable overall im completely disappointed flipkart service due return flipkart providing plastic rat protection panel given time delivery installation,-0.5709,0.064,0.129,0.807,0.023484848484848483,Negative
good,0.4404,1.0,0.0,0.0,0.7,Positive
used front door ifb used longer time 5 yr concern motor related issue changing newer machine looking change brand explored found model samsung better feature multiple option early share feed back past 10 day work fine best part less noisy even know machine running beep indicating machine completed keeping finger crossed samsung one best supplier home need anticipating disappointment may share another feedback 6 month thanks flipkart delivery service care jeeves team member nice took good care machine installation,0.9794,0.321,0.047,0.632,0.25,Positive
value money cant expect,0.34,0.444,0.0,0.556,0.0,Positive
good job kindly listen ai buzz word useless couple day ai pattern learning u select mobile might complicate elder people,0.5106,0.245,0.112,0.643,0.2666666666666666,Positive
must buy value money good performance,0.6486,0.57,0.0,0.43,0.7,Positive
excellent machine every thing hassle free less power consumption huge water save compared top load u trust brand lik samsung installation done next day aramsye wil work next 8 year peace thank u samsung,0.9696,0.504,0.0,0.496,0.30476190476190473,Positive
nice product,0.4215,0.737,0.0,0.263,0.6,Positive
rat mash poor quality dont know theyre providing metal cover bottom square machine think bad strategy cheating customer second day installation rat cut machine tub,-0.9062,0.0,0.369,0.631,-0.36666666666666664,Negative
completion program door lock open switch switch machine running sudden light clothes stuck till light came please update setting regarding,0.0772,0.103,0.09,0.807,0.2,Positive
nice product thank samsung,0.6486,0.726,0.0,0.274,0.6,Positive
bought bbd 28k 10 mode available one also download additional mode smart thing app set washing machine use downloaded mode nice feature available mostly use 2 3 mode maximum clothes wash come almost 90 dried kind satisfied wash quality eco bubble mode better clothes dirty soiled obviously cant match wash quality hand wash say match 80 hand wash quality happy delivery guy friendly reluctant deliver product second floor trying keep product ground floor get away needed lot convincing,0.9762,0.306,0.049,0.645,0.305952380952381,Positive
got 28 k saw many brand finally decided buy samsung samsung drum size little bigger brand got really good one good price machine wash cloth nicely less sound suggest please go buy without doubt,0.9087,0.324,0.0,0.676,0.24322916666666666,Positive
excellentnever expectedand looking glamorousand new version new mfg august 2023,0.0,0.0,0.0,1.0,0.13636363636363635,Neutral
good washing machine value money make less noice drum big consumes less water electricity dont waste time searching washing go,0.7672,0.31,0.0,0.69,0.03333333333333334,Positive
first time using samsung home appliance experience good received call samsung service centre within 2 hr delivery technician assigned skilled understanding thumb samsung fast installation demo coming washing machine 1 silent 2 us little water 3 best people dont want complicated mode simple usable mode 4 soak mode good recommended use always first time ordering big home appliance flipkart delivery guy good suggestion user upgrading old washing machine new one please take help plumber installing washing machine tap angular valve installation washing machine,0.9531,0.214,0.013,0.772,0.2565909090909091,Positive
touch panel visible also one touch option working properly,0.0,0.0,0.0,1.0,0.0,Neutral
lot confusion brand bought choosen samsung 8kg machine model first look wise good low noise power rating 5 star advantage user friendly want buy 8kg machine 30k could choose one budget pbm choose bosch ifbbecause bosch ifb brand best washing machine,0.9081,0.315,0.081,0.604,0.5041666666666667,Positive
nice person installation appreciated,0.7269,0.753,0.0,0.247,0.4,Positive
everything good machine installation demo big zero bought flipkart raised concern flipkart regarding action taken would request flipkart better installation support team,0.8176,0.309,0.0,0.691,0.32499999999999996,Positive
nice make,0.4215,0.737,0.0,0.263,0.6,Positive
completely 4 month using review 1 first thing product quality good heavy weight 2 second thing product washing quality fantastic fine personally love washing quality 3 third thing product noise level slightly low minimal 4 fourth thing maintenance product generally maintenance yearly 3 time drum cleaning cause drum grem free smell free 5 last thing rating product 4 5 star thanks flipkart giving best quality washing machine,0.9794,0.365,0.023,0.612,0.22870370370370374,Positive
writing review using 2 month samsung 7kg front load machine 1washing quality superb 2no sound vibration washing cycle 3 smooth silent operation 4suitable couple couple 2 child,0.6249,0.151,0.0,0.849,0.44999999999999996,Positive
amazing product form samsung first looking local store overpriced 32k finally got product flipkart 24k many offer best exchange rate thank flipkart team,0.8885,0.344,0.0,0.656,0.39166666666666666,Positive
absolutely love product thank samsung best product price,0.9092,0.696,0.0,0.304,0.75,Positive
delivery installation everything excellent quality washing machine topnotch,0.5719,0.346,0.0,0.654,1.0,Positive
easy use simple effective,0.7184,0.75,0.0,0.25,0.3444444444444444,Positive
one month using good washing machine facing issue recommended friend relative,0.7845,0.497,0.0,0.503,0.35,Positive
nice product value money,0.6369,0.722,0.0,0.278,0.6,Positive
excellent product go,0.5719,0.649,0.0,0.351,1.0,Positive
nice product iot control machine mobile elegant design good performance delivery quick installation also done flipkart,0.8316,0.404,0.0,0.596,0.5333333333333333,Positive
superbone month experience samsung eco bubble 8kg go itless noise washing quality terrificfull storage 60ml 90ml detergent liquid enoughinox grey colour nice almost 80 drying full complete circle clothes without wrinkle hand wash,0.0956,0.109,0.072,0.819,0.24999999999999997,Positive
washing expert full advanced technologiesits ecobubble technology wonderfuluses less amount detergent creates bubble make cloth new like cleanyou manually select temperaturespin rinsing time also select washing mode using smart thing app blackish grey look give dashing lookyou cant help looking itthe cone take much load specific arrange clothes properly starting final spin result shakesas direct drive machine make little noise washing final spin start shaking,0.6461,0.142,0.055,0.803,0.07665251415251416,Positive
strongly recommend buy wifi model wifi control program nothing else need go switch machine start machine selecting program also manual expectation wifi model need put clothes main switch rest like play machine selection programme machine machine switch board wifi waste waste go without wifi model save extra money,0.0701,0.162,0.14,0.698,0.039999999999999994,Positive
best product range,0.6369,0.677,0.0,0.323,1.0,Positive
good product rat mesh quality bad,-0.1531,0.279,0.337,0.385,5.551115123125783e-17,Negative
wifi connectivity useless doesnt start mobile,-0.4215,0.0,0.359,0.641,-0.5,Negative
start rinse high vibration 10 second,0.0,0.0,0.0,1.0,0.08,Neutral
machine super powerful front load washer way superior top load washer weight around 70 kg whereas top load weighs around 31 kg freaking jet come performance choose front load day rather top load also washed double bed heavy blanket 12 kg one cake walk machine,0.8957,0.277,0.05,0.674,0.3291666666666666,Positive
go eye shut good performance till date used function job well ai good job suggesting preferred wash cycle week usage,0.7845,0.317,0.0,0.683,0.7,Positive
overall great buy samsung used top load machine front load performs better top load less noise additional feature better 34 person family 8kg machine easily fit 1015 clothes time card offer good available time pro noise free compared machine better wash added feature hygiene steam con inlet valve might bit long rat mesh quality could better wifi enabled feature upto mark,0.9806,0.378,0.0,0.622,0.3916666666666667,Positive
best,0.6369,1.0,0.0,0.0,1.0,Positive
superb design silent work cloth washing quality good amazing washing machine,0.8957,0.574,0.0,0.426,0.575,Positive
overall good,0.4404,0.744,0.0,0.256,0.35,Positive
less noise less water consumption,0.0,0.0,0.0,1.0,-0.16666666666666666,Neutral
excellent product saving lot time money energy fun wash clothes latest technology give relaxation peace mind thanks samsung technology,0.9578,0.592,0.0,0.408,0.5,Positive
im writing 4 month usage wonderful machine pro clean type dirty clothes low electricity consumption easy operate lady get hang get demo value money product operate mobile con produce noise deal breaker though recommended use liquid costly water wastage overall go,0.7964,0.26,0.123,0.617,0.20000000000000004,Positive
bottom cover made plastic bend easily,0.34,0.324,0.0,0.676,0.43333333333333335,Positive
product good delivery gooddemo seduled31st maydome done on30 mayhe explain everything goodi appreciate provided company,0.6808,0.301,0.0,0.699,0.7,Positive
nice,0.4215,1.0,0.0,0.0,0.6,Positive
good product,0.4404,0.744,0.0,0.256,0.7,Positive
delivering item product damaged otherwise nice product,-0.0258,0.262,0.271,0.467,0.6,Neutral
product good delivery installation worst,-0.296,0.29,0.41,0.3,-0.15000000000000002,Negative
touch expensive good mone,0.4404,0.492,0.0,0.508,0.09999999999999998,Positive
thanks flipkart safely delivering product machine awesome,0.8807,0.718,0.0,0.282,0.5666666666666667,Positive
overall impression extremely satisfied purchase samsung 8 kg washing machine combine generous capacity energy efficiency variety wash cycle wrapped sleek userfriendly design youre market reliable efficient washing machine model definitely worth considering,0.9538,0.469,0.0,0.531,0.26666666666666666,Positive
nice washing machine samsung,0.4215,0.483,0.0,0.517,0.6,Positive
good product sofar happy performance nice washing quality,0.8555,0.653,0.0,0.347,0.7000000000000001,Positive
mother age nearing 60 seeing get tired washing clothes age make heart ache planning buy washing machine mother long time due voltage issue area could buy one earlier voltage problem resolved finally purchased gift mother ease burden chose one futureproof machine wifi enabled fully controllable samsung smartthings app,-0.6124,0.12,0.187,0.693,-0.11499999999999999,Negative
flipkart therdparty service poor today morning call samsung customer support customer support team helpful hour ago visit samsung technician solved issue use machine showed entire demo thank samsung customer support team,0.886,0.364,0.073,0.563,-0.2,Positive
one cone insulation use,0.0,0.0,0.0,1.0,0.0,Neutral
samsung washing machine great degein front looking beautiful good washing,0.8979,0.609,0.0,0.391,0.7833333333333332,Positive
nice washing machine price,0.4215,0.483,0.0,0.517,0.6,Positive
one best washing machine ever use since 20 year good quality function,0.7964,0.415,0.0,0.585,0.85,Positive
thing say buy best smart technology really helpful,0.8748,0.667,0.0,0.333,0.47142857142857136,Positive
good washing machine good working easy use,0.8271,0.685,0.0,0.315,0.611111111111111,Positive
value money,0.34,0.706,0.0,0.294,0.0,Positive
best performance take little extra time okay,0.7037,0.539,0.0,0.461,0.328125,Positive
great product samsung installation good flipkart always provides great offer,0.9022,0.613,0.0,0.387,0.7666666666666666,Positive
expectedvery less noise clean deeply look like expensive one happy samsung,0.836,0.527,0.0,0.473,0.10000000000000002,Positive
product nice upto expectation,0.4215,0.483,0.0,0.517,0.6,Positive
washed king size winter blanket unless take less water cleaned awsome machine take less amount water sure anyone water problem please go machine full cherry top lovely,0.738,0.287,0.078,0.635,0.25277777777777777,Positive
product good best offer got working fine,0.836,0.69,0.0,0.31,0.7055555555555556,Positive
writing review use month excellent wash quality one wash,0.5719,0.316,0.0,0.684,1.0,Positive
product experience excellent delivery experience horrible,0.0516,0.33,0.312,0.357,0.0,Positive
good second time purchase,0.4404,0.492,0.0,0.508,0.35,Positive
superb performance,0.6249,0.804,0.0,0.196,1.0,Positive
best washing machine,0.6369,0.677,0.0,0.323,1.0,Positive
using g month writing review product worth value till working fine face issue using daily type clothes,0.6249,0.319,0.0,0.681,0.2388888888888889,Positive
working fine till 4 month,0.2023,0.375,0.0,0.625,0.4166666666666667,Positive
performance excellent,0.5719,0.787,0.0,0.213,1.0,Positive
nice product price range,0.4215,0.483,0.0,0.517,0.6,Positive
superb,0.6249,1.0,0.0,0.0,1.0,Positive
excellent product quality,0.5719,0.649,0.0,0.351,1.0,Positive
great product,0.6249,0.804,0.0,0.196,0.8,Positive
full satisfied,0.4215,0.737,0.0,0.263,0.425,Positive
nice product good design,0.6908,0.74,0.0,0.26,0.6499999999999999,Positive
nice pic,0.4215,0.737,0.0,0.263,0.6,Positive
awesome product,0.6249,0.804,0.0,0.196,1.0,Positive
great product always samsung,0.6249,0.577,0.0,0.423,0.8,Positive
used 15 day washing quality good intial stage update 3 month,0.4404,0.244,0.0,0.756,0.7,Positive
excellent product noise vibration cleaning small vibration spinning thats normal washing machine,0.5719,0.252,0.0,0.748,0.3,Positive
worthy product,0.4404,0.744,0.0,0.256,0.3333333333333333,Positive
best price,0.6369,0.808,0.0,0.192,1.0,Positive
great pr,0.6249,0.804,0.0,0.196,0.8,Positive
awesome pro,0.6249,0.804,0.0,0.196,1.0,Positive
machine working good totally satisfied product washing quality clothes also good need pre hand washing clothes ai tecnology work totally full value money,0.9296,0.451,0.0,0.549,0.5625,Positive
super product person good hard worker,0.7506,0.607,0.125,0.268,0.24722222222222215,Positive
writing review almost 15 day use buy stand first foremost requirment u bargain service engineer less sound washing little bit sound spinning 1400 rpm ok washing machine make sound performance quite good weight good wobble much worried initially good everyone buy feature good also remove stain collar expected also 15 minute wash cycle prolonged cycle r also drum clean drum dry 9 10 side,0.9457,0.261,0.029,0.71,0.3197222222222223,Positive
good performance like child lock option totally good product worth money thank,0.8993,0.649,0.0,0.351,0.5666666666666667,Positive
good machine,0.4404,0.744,0.0,0.256,0.7,Positive
excellent product silent operation good feature pre loded program,0.765,0.485,0.0,0.515,0.5666666666666667,Positive
writing 15 day use nice priduct minimum sound good service better quality lg already use lg,0.8225,0.398,0.0,0.602,0.55,Positive
machine excellent noise,0.5719,0.649,0.0,0.351,1.0,Positive
review 20 day excellent good product samsung laundry time also ai control operate easily mobile noise cool good looking,0.9217,0.504,0.0,0.496,0.6366666666666667,Positive
got washing machine 25k bbd excellent machine machine silent many handful feature totally controlled via app phone cleanes really well excellent product samsung value money totally,0.9041,0.357,0.0,0.643,0.38571428571428573,Positive
product good performance satisfying scilent operation get notification mobile washing completed thing feel wifi enabled device start washing cycle working machine nothing much use wifi overall product good,0.8316,0.26,0.0,0.74,0.41999999999999993,Positive
perfect 5 member,0.5719,0.787,0.0,0.213,1.0,Positive
good value money,0.6486,0.841,0.0,0.159,0.7,Positive
excellent value money,0.7269,0.859,0.0,0.141,1.0,Positive
product good service low,0.2023,0.414,0.3,0.286,0.35,Positive
happy thanks flipkart,0.765,0.868,0.0,0.132,0.5,Positive
product awesomego,0.0,0.0,0.0,1.0,0.0,Neutral
super product value money easy use thanks flipkart delivery next daybut installation demo take 5 day technician communication bad,0.8225,0.423,0.122,0.455,0.053333333333333344,Positive
excellent purchase till running smoothly creating less noise give final verdict one month use stay tuned,0.7579,0.366,0.0,0.634,0.3083333333333333,Positive
thanks flipkart,0.4404,0.744,0.0,0.256,0.2,Positive
best washing machine noiseless sturdybut inlet pipe short,0.6369,0.375,0.0,0.625,0.5,Positive
perfect companion home job,0.5719,0.552,0.0,0.448,1.0,Positive
product making loud rattling noise,0.0,0.0,0.0,1.0,0.1,Neutral
genuine review samsung 80 kg quality drum poor light strong knock drum sound speaks low quality 75 kg marq front load washing machine robust drum strong good build quality outer front body got rust time ran 5 year 2 time per day 365 day 5 year door nut bolt fixation machine body poor quality mistake open door jolt force maximum opening door unpluck come hand feel like mistake walking collides already open gate opposite door get unpluck easily fall floor cheap quality material button available also smooth door lock knob also cheap overall material used lowcheap quality compensate 20 year motor warranty adding new featureswarrantylow pricebudget balancing cheap drum material handle care review installation product washing clothes one suggestion ever product want buy flipkart first go shop check drum quality button etc decide purchase guess sure company make two type product 1 shop good quality 2 online sale average qualitymay also online product low quality low rate shop price high may product quality good purchased return look product look attractive first time user love product already used washing machine good quality purchase product dont like however online provides middle class people buy budgetary level,0.9769,0.197,0.085,0.719,0.27110192837465563,Positive
waste water intake problem,-0.6705,0.0,0.733,0.267,-0.2,Negative
buy wifi oprations operate remotely anywhere like need physical operationdisappointment,0.3612,0.217,0.0,0.783,-0.05,Positive
using washing machine day found ai part mostly gimmick using basic feature wash clothes,0.0,0.0,0.0,1.0,0.25,Neutral
display flicker frequently sometimes got blank onemonth usedidnt expect samsungsimilar issue found customer,0.0,0.0,0.0,1.0,0.05,Neutral
make much noise,0.0,0.0,0.0,1.0,0.2,Neutral
product design performance impressive worst thing happened installation installation person even aware machine guy told family machine jog facilitate warm water hygiene steam,0.0258,0.177,0.14,0.683,0.2125,Neutral
machine vibrating dry mode,0.0,0.0,0.0,1.0,-0.06666666666666665,Neutral
mark,0.0,0.0,0.0,1.0,0.0,Neutral
good whenever power water get interrupted washing cycle start starting colour cloth getting dull,-0.25,0.154,0.261,0.585,0.1361111111111111,Negative
washing time sound good,0.4404,0.492,0.0,0.508,0.55,Positive
noise heavy compared ifb,0.0,0.0,0.0,1.0,-0.2,Neutral
machine good samsung service installation worstrealy bad experience samsung customercare till date one visit installation long time wait installed usekindly report bad experience samsubg companyi hated,-0.8519,0.08,0.31,0.609,-0.32999999999999996,Negative
great product usecase ai even control app better,0.7906,0.538,0.0,0.462,0.65,Positive
fastest delivery flipkart little bit delay installation demo product good design awesome,0.7165,0.388,0.112,0.499,0.5041666666666667,Positive
overall machine good small family multiple wash mode inlet pipe provided samsung small hence washing machine placed far water source advisable buy extra length wash quality good tried normal winter clothes,0.7003,0.167,0.0,0.833,0.12777777777777777,Positive
machine everything okay apart program built given sometimes need customised like 60 degree celsius 20 minute type customisation one option mode available everything okay,0.6486,0.231,0.0,0.769,0.4666666666666666,Positive
product good delivery fast installation also fast technician knowledgeable overall thanks flipkart team,0.7003,0.345,0.0,0.655,0.25999999999999995,Positive
bought 8kg fully automatic load 28k sale im loving new 8kg fully automatic washing machine convenient easy use add clothes detergent select cycle done save time effort cleaning thorough quiet highly recommend,0.9152,0.314,0.0,0.686,0.2659393939393939,Positive
never thought would buy washing machine online many question purchase big thanks flipkart smooth purchase installation reviewing month use product perfect almost zero noise made heavy wash washing machine unique feature like hygiene wash best market costly value price cleaning superb never doubt samsung thankyou flipkart,0.9662,0.357,0.023,0.62,0.47500000000000003,Positive
good looking excellent setup expected still satisfied,0.8555,0.701,0.0,0.299,0.5249999999999999,Positive
delightful experience shifted fully automatic semi automaticit great experience using samsung washing voice smooth work 80 dry awesome connectivity hassle free use clean clothes totally worth buying product thanku samsung,0.9647,0.457,0.0,0.543,0.525,Positive
samsung build quality good 1400 rpm rising fast vibration soundits amazing happy washing machine,0.886,0.486,0.0,0.514,0.575,Positive
machine wifi enabled design attractive,0.4404,0.42,0.0,0.58,0.8,Positive
heavy vibration,0.0,0.0,0.0,1.0,-0.2,Neutral
nice design good performance ive using ifb machine last 20 year need check samsung deliver similar durability installation got delayed day good experience,0.7717,0.292,0.064,0.644,0.39999999999999997,Positive
like samsung 8 kg washing machine think best washing machine 32000 watch quality good require booster pump hose condition consider washing machine low water pressure problem washing machine good definitely check,0.8481,0.344,0.158,0.498,0.48,Positive
smart thing app working properlynot able pause start,0.4019,0.278,0.0,0.722,0.35714285714285715,Positive
good product working silently,0.4404,0.492,0.0,0.508,0.35,Positive
poor quality plug,-0.4767,0.0,0.608,0.392,-0.4,Negative
bad experience indtal,-0.5423,0.0,0.636,0.364,-0.6999999999999998,Negative
keepup good job,0.4404,0.592,0.0,0.408,0.7,Positive
ok ok,0.5267,1.0,0.0,0.0,0.5,Positive
sup,0.0,0.0,0.0,1.0,0.0,Neutral
best order experience order please go,0.7579,0.619,0.0,0.381,1.0,Positive
parfect product parfect service thanks flipkart vary happy,0.765,0.524,0.0,0.476,0.5,Positive
love performance machine,0.6369,0.677,0.0,0.323,0.5,Positive
excellent,0.5719,1.0,0.0,0.0,1.0,Positive
good product good performance,0.7003,0.744,0.0,0.256,0.7,Positive
nice work,0.4215,0.737,0.0,0.263,0.6,Positive
vibration wise design still need improved vibration adversely affect durability,0.6597,0.413,0.12,0.467,0.7,Positive
good build quality,0.4404,0.592,0.0,0.408,0.7,Positive
good wash quality zero noise washing machine,0.4404,0.326,0.0,0.674,0.7,Positive
nice washing machine delivery installation time much longer,0.4215,0.286,0.0,0.714,0.4,Positive
excellent machine best front load 79 kg segment pro vibration 1200 rpm spinning perfect wash quality superb build quality beautiful design low power water consumption sound con wont say con scope improvement make perfect water drain pipe could better overall value money go without second thought bought diwali sale 26918and got good deal actually mrp mentioned 49999 samsung official website actual cost product 29999 higher anywhere please check manufacturer website thanks flipkart providing wonderful service always trusted platform,0.9925,0.417,0.019,0.565,0.5235294117647059,Positive
wifi ai enabled technology smart thing make user friendly easy operation thanks samsung engineering technology,0.8934,0.515,0.0,0.485,0.3056547619047619,Positive
good perf,0.4404,0.744,0.0,0.256,0.7,Positive
value money product excellent service,0.7269,0.67,0.0,0.33,1.0,Positive
perfect washing machine,0.5719,0.649,0.0,0.351,1.0,Positive
good washing machinevalue money,0.4404,0.492,0.0,0.508,0.7,Positive
beutiful machine wonder full function value money opinion,0.34,0.255,0.0,0.745,0.35,Positive
awesome,0.6249,1.0,0.0,0.0,1.0,Positive
vibrates higher rpmmind good stand rest good,0.7003,0.537,0.0,0.463,0.5499999999999999,Positive
ex,0.0,0.0,0.0,1.0,0.0,Neutral
best washing machine great discount price,0.8519,0.675,0.0,0.325,0.9,Positive
product working properly,0.0,0.0,0.0,1.0,0.0,Neutral
nice useful,0.6908,1.0,0.0,0.0,0.44999999999999996,Positive
satisfied installation demo person switched didnt clear doubt like regarding wifi smart telling look online doubt machine wise good service vv poor satisfied,0.8786,0.476,0.19,0.334,0.3306122448979592,Positive
product good delivery system good,0.7003,0.659,0.0,0.341,0.7,Positive
thank much,0.3612,0.714,0.0,0.286,0.2,Positive
good quality,0.4404,0.744,0.0,0.256,0.7,Positive
service flipkart pathetic would never considered future purchase promise assurance 48hours installation 15 day even technician jeevs pathetic didnt explained anything dont know use,-0.5719,0.146,0.231,0.623,-0.6666666666666666,Negative
thank u,0.3612,1.0,0.0,0.0,0.0,Positive
nice pro,0.4215,0.737,0.0,0.263,0.6,Positive
good washing machine samsung,0.4404,0.492,0.0,0.508,0.7,Positive
super good,0.7783,1.0,0.0,0.0,0.5166666666666666,Positive
overall value money product,0.34,0.444,0.0,0.556,0.0,Positive
display working properly,0.0,0.0,0.0,1.0,0.0,Neutral
best company good quality,0.7964,0.78,0.0,0.22,0.85,Positive
wonderful product best price,0.836,0.798,0.0,0.202,1.0,Positive
effective efficient,0.7096,1.0,0.0,0.0,0.6,Positive
excellent product performance,0.5719,0.649,0.0,0.351,1.0,Positive
complete damage inside machine water coming machine working,-0.4939,0.0,0.314,0.686,0.1,Negative
awesome product thank flipcart packing good using easy,0.9081,0.756,0.0,0.244,0.7111111111111111,Positive
received effective product one month didnt get single wash everytime belt removed drumst top spinning,0.5994,0.274,0.0,0.726,0.3428571428571428,Positive
best washing machine ever washing quality goodand dryer also good almost dry upto 8590no vibrationno noise,0.7964,0.336,0.0,0.664,0.5444444444444444,Positive
product awesome delivery person also good installation demo satisfactory,0.8591,0.613,0.0,0.387,0.85,Positive
worst service support brand actually booked service request 3days till also resolved issue daily talk customer service team told tomorrow clear issue really im satisfied bought product worst service,-0.0314,0.244,0.199,0.557,-0.2333333333333333,Neutral
ok,0.296,1.0,0.0,0.0,0.5,Positive
good service flipkart dileverd time prior information time management great product service flipkart samsung,0.7906,0.368,0.0,0.632,0.5,Positive
22 different type washing mode washing quality good,0.4404,0.293,0.0,0.707,0.35,Positive
gd product samsung,0.0,0.0,0.0,1.0,0.0,Neutral
worth best class 30k best,0.8834,0.837,0.0,0.163,0.7666666666666666,Positive
would recommend,0.3612,0.714,0.0,0.286,0.0,Positive
everyone adviced buy ifb bcoz certain number ifb machine installed around u go samsung jealous washing machine great product samsung easy use easy handle zero noise great washing experience go,0.9246,0.41,0.071,0.519,0.5361904761904762,Positive
want give 0 rating regarding delivery agent common sense behave ledies lot attitude observed cant ready delivery product smoothly argument next level,-0.5122,0.054,0.193,0.753,0.07500000000000001,Negative
getting sound back side,0.0,0.0,0.0,1.0,0.2,Neutral
never purchase product flipkart,0.0,0.0,0.0,1.0,0.0,Neutral
properly cleaning,0.0,0.0,0.0,1.0,0.0,Neutral
super samsung product,0.5994,0.661,0.0,0.339,0.3333333333333333,Positive
installation done properly performance time design occupance value money delivery good installation properly water leaking outlet good product,0.802,0.353,0.0,0.647,0.35,Positive
detergent cabinet automatically removed washing,0.0,0.0,0.0,1.0,0.0,Neutral
purchased online machine leaving water behind machine also sometimes door open service worst everything say resolve phone dont buy mistake also please,0.211,0.239,0.141,0.62,-0.4666666666666666,Positive
function,0.0,0.0,0.0,1.0,0.0,Neutral
great product good experience flipkart,0.7906,0.7,0.0,0.3,0.75,Positive
max mantainance,0.0,0.0,0.0,1.0,0.0,Neutral
2 day really great far exact experience shared using 46 month use,0.7778,0.43,0.0,0.57,0.3833333333333333,Positive
love product good cleaning modern technology less vibration,0.7964,0.542,0.0,0.458,0.3083333333333333,Positive
happy use samsung waching machine,0.5719,0.481,0.0,0.519,0.8,Positive
v good,0.4404,1.0,0.0,0.0,0.7,Positive
product good delivery horrible extremely late,-0.1531,0.279,0.337,0.385,-0.20000000000000004,Negative
great,0.6249,1.0,0.0,0.0,0.8,Positive
best market affordable price flipkart,0.6369,0.512,0.0,0.488,1.0,Positive
samsong good washing 12 kg washing machine ok wellden nice product flipkart worst reply responseble lezy peopleno perchege flipkart,0.4215,0.293,0.152,0.556,0.19999999999999996,Positive
good product voiceless,0.4404,0.592,0.0,0.408,0.7,Positive
supper,0.0,0.0,0.0,1.0,0.0,Neutral
super,0.5994,1.0,0.0,0.0,0.3333333333333333,Positive
delivery scheduled time amazing product washing quantity superb expensive value money,0.8834,0.563,0.0,0.437,0.3666666666666667,Positive
installation technician knowledge producthe fitted pipe demo allno level checkingif ur machine placed without level chekingit harm drumtubwhich important part product,0.5647,0.197,0.0,0.803,0.4,Positive
good service nice looking,0.6908,0.74,0.0,0.26,0.6499999999999999,Positive
excellent product easy use,0.765,0.767,0.0,0.233,0.7166666666666667,Positive
loved feature value money,0.743,0.759,0.0,0.241,0.7,Positive
washing program good machine spin time vibration condition,0.4404,0.293,0.0,0.707,0.7,Positive
good washer considering current time warm water washing clothes drying also well complaint far overall g,0.5719,0.343,0.109,0.547,0.18333333333333332,Positive
great design performance outstanding also service samsung great fast delivery flipkart value money,0.9393,0.619,0.0,0.381,0.5750000000000001,Positive
smooth performance,0.0,0.0,0.0,1.0,0.4,Neutral
lg washing machine best samsung washing machine good lg dd technology samsung blanket washing program available samsung,0.7964,0.321,0.0,0.679,0.7000000000000001,Positive
washing machine perfect 4 5 member family performance nice cleaning 55 thank flipkart samsung wonderful pic appliance useful mother,0.9393,0.565,0.0,0.435,0.725,Positive
flipkart awesome work done,0.6249,0.577,0.0,0.423,1.0,Positive
