Rating,Title,Review
5,The best in the Range! Go for it...,"Value for Money: 4.5/5
Performance: 5/5
Build quality :4.5/5
Design 4.5/5
Noise 4/5(only drier makes a little noise)


Brief:

This was my first purchase of a Fully Automatic Machine. Been using for a Semi-automatic machine for the past 20 years, we finally decided to shift to a fully automatic machine. Having heard really bad feedback about the top load we decided on the front load. I shortlisted about 3 Brands in the budget - Samsung, LG, Bosch. Heard some quality issues with Bosch in Indian retails washing machines so that was out of the list. Got it for 24K in the BBD sale after card discounts.

Delivery:

Decided to buy Samsung because of the trust in the brand after looking at it in an offline store (Though, I feel LG has very slight edge on build quality). I loved the design on Samsung a little bit better. Coming to delivery, it was delivered after 8 days which is fine considering the BBD rush. Installation was done the next day by Samsung guys.

Installation:

The installation was smooth, and the staff was considerate of any requests. He offered a stand for 1600 and Cover for 500. I felt the quality was nice so decided to go for it!
He explained all the features with great patience. Basically, you are going to use Daily wash mode 90% of the time. I installed the machine in my bathroom, and it is fine.

Operations:

You turn on the machine and tap and choose the mode. 2 caps of liquid detergent and turn on the machine. The daily wash mode takes 66 minutes and try to use only 800 rpm as I feel like 1400 is going to affect the clothes. You can also choose the temperature of the heater. You can also choose from options like soiled for extra dirty clothes and rinse for rinsing the clothes a little longer. All of these options increase the washing time but gets the job done.

Performance:

The washing is perfect, Maybe I haven't experienced front load before but definitely much better than semi-automatic machine. You can also use rinse+ dry option to just dry the wet clothes. The heater dries up the clothes well) (I use 40 degrees to be on the safer side.) The moisture content after drying is about 20-25% which is pretty okay for the price. I have been using it for about a month and I have tried all types of different clothes like Bedsheets, cotton, synthetic, polyester, wool etc. All the stains are well vanished.

At a single load you can fit up to 11-12 normal clothes.
2-3 bedsheets
1-2 ac quilts


Overall, a very value for money washing machine with ample of features. If you have a little more budget, then go for the Wifi connected one. It has more user-friendly operations."
3,Decent product,"Delivery experience was horrible. Only one person has come for delivery. How can one person lift this 65kg item. Now customer has no choice other than to follow the delivery boy for lifting and placing it in my home. What kind of a delivery manner it is? What if only ladies at home? Does the Flipkart expect the same experience with women too? Flipkart must respond to this. Overall, good product with worst delivery experience."
5,Great product,"Excelent Machine. I was using top load machine from last 12yrs and switched to front load. Must say, it is more efficient then the top load machine. it take less water, cleaning efficiency is excelent. The AI feature auto detects the kind of load in and does the wash. As this machine is WiFi enabled you can connect it with your phone and with the confort of the app you can select the wash mode you want. Out of many Features i would like to highlight few of then which is really helpful for every day use. 1.It has got on option of Bubble Wash(here the clothes will be socked in the soap solution for some time and then wash starts) 2. Temp up to 90 degrees. you have option to select temprature from 40 to 90 degress. 3. you can customize the rinz cycle(i.e how many rinz cycle you want). 4. It may sound gimic to have WiFi enabled machine but its really useful as it will give so much informaiton about your machine. to name a few(it will tell you how many wash remaining for durm clean, how much energy you have used and also tells how much money has it consumed. It also gives you option to customized your wash preferrence via the app, so you need not have to be infrot of the machien rotating the nob everytime).Over all after using a top load washing machine form last 12yrs and moving to this machine was a really very good dicision that i took. I tried to share my experience of the machine, hopefully it will help others to take decision."
4,Value-for-money,Amazing product and good quality
4,Very Good,"Pros-
Enough wash cycle options on panel and low noise operation
Touch panel to select functions is better than tactile buttons
Clothes are washed as expected depending on the cycle selected. Earlier i thought top load washes better but front load is better in my opinion now.
Few wash cycle sprays water jet on clothes to remove detergent during rinse

Cons-
9kg Drum size looks the same as my old 6.5 kg top load machine. Before purchasing online, visit some stores to check if the drum size is as per expectation or not. Buy 12kg version of possible.
It has a quick wash option but it is meant for a few clothes.
Electricity consumption is higher
Sometimes clothes are not that dry. My Whirlpool top load used to dry better which had 800 rpm speed. Samsung has 1400 speed.
Not easy to throw soiled clothes in this one like we do in top loads. I feel frequent open close of the front door may loosen the lock and rubber gasket over time. Let's see.
The convenience of filling water from an external pipe or bucket when the water supply is gone is not something you can do here. Not a con but just highlighting if someone faces an irregular water supply."
3,Good,The technician who came to do the installation had no knowledge at all. How can the company get the installation done by such people! And he did not even install the installation parts in the washing machine which were provided by the company.
3,Fair,"Fast delivery, but delivery person demanded extra money of exchange washing machine, even his senior demanding extra money, installation was in hurry and not in a proper manner.

About product, first thing I've noticed that rat protection panel was of cardboard material, one can easily make this. Panel should be provided out of these plastic, steel or rubber.

Cycle stops thrice in between daily wash cycle on first day of usage which is not acceptable.

Overall I'm completely disappointed with flipkart services due to all this.

In return, flipkart is not being providing a plastic rat protection panel which should be given at the time of delivery or installation."
5,Awesome,Good
5,Great product,"We were used to front door of IFB and we have used for longer time 5 yrs with no concerns until it has some motor related issues. While changing to newer machine, I was looking to change the brand and explored. I found this model with Samsung has better features with multiple options. Its too early to share feed back.. but for past 10 days this works fine..

Best part if less noisy and not even know machine is running and beeps indicating machine completed. I am keeping my fingers crossed being Samsung is one of best supplier for home needs and am not anticipating any disappointment. May be I can share another feedback 6 months.

Thanks Flipkart on your delivery service with at most care and Jeeves team member was nice and took good care of Machine installation."
5,Super!,Value of money can‚Äôt expect
4,Good for the Job but AI doesn't give u much utility,"It's good for the job,
but kindly listen, AI and all these buzz words are useless after a couple of days, the Only AI it has is pattern learning and u can select from a mobile. It might complicate for the elder people."
5,Fabulous!,"Must Buy Value For Money
Very Good Performance"
5,Wonderful,"It‚Äôs an excellent machine‚Ä¶. Which do every thing on its own‚Ä¶ hassle free
Less power consumption with
Huge water save when compared to top load
More over u can trust the brand lik Samsung
And installation was done on next day
Aramsye it wil work for next 8 years
Peace ‚úåÔ∏è thank u Samsung"
4,Good choice,Nice product
3,Fair,"Rat mash is too poor quality, I don't know they're providing metal cover in bottom square of machine. I think it's bad strategy and cheating with customers, on second day after installation rats cuts my machines tub üòû"
3,Decent product,"After completion of program door lock not open . For this we have to switch off and switch ON the machine.
So if while running sudden light off then all clothes will stuck till light came.
Please update if any setting regarding this."
5,Must buy!,Good
5,Mind-blowing purchase,"Nice product
Thank you Samsung"
4,Delightful,"I bought it during BBD for 28K.

There are more than 10 modes available, one can also download additional modes from the smart things app and set the washing machine to use the downloaded mode, so some nice features are available, mostly we will use 2 to 3 modes at maximum.

The clothes after wash comes out almost 90% dried and kind of satisfied with wash quality, the eco bubble mode is better for clothes that are too dirty or soiled, obviously can't match the wash quality of hand wash but I can say it matches 80% of hand wash quality.

I was not happy with the delivery guys, they were not friendly and were reluctant to deliver the product to the second floor, they were trying to keep the product on the ground floor and get away and needed a lot of convincing."
5,Wonderful,"I got this for 28 K, i saw many brands but finally i decided to buy samsung because the samsung drum size is little bigger than other brands and i got a really good one with good price
This machine wash cloths very nicely with less sound
I suggest please go for this and buy without any doubt"
5,Perfect product!,"Excellent,never expected.And its looking very glamorous.And it's the new version with new MFG On August 2023."
5,Awesome,This is very good washing machine and value for money and it makes very less noice and its drum is very big and consumes very less water and electricity so dont waste your time for searching washing go for it
5,Just wow!,"First time using a Samsung Home appliance
The experience is very good .
Received a call from Samsung service centre within 2 hrs of delivery . The technician assigned was very skilled and understanding . Thumbs up to Samsung for the fast installation and demo .
Coming to the washing machine :
1. Very silent .
2. Uses very little water .
3. Best for people who don't want complicated modes , Very simple usable modes .
4. Soak mode is very good ( recommended to use always) .
First time ordering a Big Home appliance from Flipkart. The delivery guys were very good ...

Suggestion : For users upgrading from an old washing machine to a new one ... Please take help from a plumber by installing a washing machine tap or a angular valve before the installation of the washing machine ."
3,Does the job,Touch panels are not visible.. also one touch option is not working properly
5,Classy product,"After lot of confusion which brand to bought , i choosen samsung 8kg machine this model. First of all , look wise good and low noise and power rating as 5 star are advantage. Further it has user friendly. if you wants to buy 8kg machine with in 30k you could choose this one. Budget is not a pbm you can choose bosch ifb.Because Bosch and ifb brands are the best for washing machine."
5,Best in the market!,Nice person on installation. Appreciated A+++++
4,Good quality product,"Everything is good about the machine, but installation and demo is a big zero, if bought from Flipkart.
I have raised a concern with Flipkart regarding this, but no action was taken.
I would request Flipkart to have a better installation support team."
5,Classy product,Nice make
4,Nice product,"This is Completely My After 4 Months Of Using Review .
1) The First Thing Is The Product Quality is Very Good And Heavy Weight
2) The Second Thing Is The Product Washing Quality Is Fantastic And Fine I Personally Love That Washing Quality
3) The Third Thing Is The Product Noise Levels Are Slightly Low And Minimal
4) The Fourth Thing Is Maintenance This Product Is Generally Having No Maintenance But Yearly 3 Times Drum Cleaning Cause Drum Grem Free And Smell Free
5) And The Last Thing Is My Rating On This Product 4‚≠ê OUT OF 5 STAR THANKS YOU FLIPKART FOR GIVING BEST QUALITY WASHING MACHINE üëçüèø"
4,Delightful,"I am writing this review after using 2 months of Samsung 7kg front load machine
1.washing quality superb.
2.no any sound or vibration during washing cycle.
3. Smooth and silent operation.
4.suitable for couple or couple with 2 children."
5,Brilliant Product,"Amazing product form Samsung, first I was looking in the local stores they all overpriced up to 32k, finally I got this product in Flipkart for 24K with so many offers and with best exchange rate.

Thank you flipkart and team."
5,Best in the market!,Absolutely love this product.. Thank you Samsung.. Best Product at this price.. üëåüëå
5,Highly recommended,From the delivery to installation everything is excellent. Quality of washing machine is top-notch.
5,Excellent,Easy to use simple and effective
5,Fabulous!,"After one month of using a very good washing machine not facing any issue,
Recommended to my friends and relatives."
5,Mind-blowing purchase,"Nice Product, Value For Money.."
5,Fabulous!,Excellent product. Go for it.
5,Highly recommended,"Nice product with IoT. You can control the machine with mobile. Elegant design, and good performance.

Delivery was quick and installation was also done by Flipkart."
5,Must buy!,"Superb,one month experience, samsung eco bubbles 8kg go for it,less noise, washing quality is terrific,full storage 60ml -90ml detergent liquid is enough,Inox grey colour is nice, almost 80% drying full complete circle, clothes are without wrinkles than hand wash."
4,Delightful,"It is a washing expert and full of advanced technologies.its ecobubble technology is wonderful,uses less amount of detergent but creates bubbles to make the cloth new like clean.you can manually select the temperature,spin and rinsing time and you can also select the washing mode by using the smart things app and it's blackish grey look gives it a dashing look.you can't help looking at it.the only cone is that it cannot take much load to be more specific it cannot arrange the clothes properly before starting it's final spin and as a result of it ,it shakes.as it is a direct drive machine it makes little noise while washing but during final spin it starts shaking."
4,Pretty good,"I strongly recommend you all to not to buy wifi model.
Through wifi you can only control the program, nothing else.
You need to go to switch on the machine, start of machine after selecting program is also manual.

My expectations as a wifi model is- that i just need to put clothes in and on the main switch rest all like play the machine , selection of programme, on off the machine from machine not from switch board.

Wifi is waste just waste in this. Just go for the without wifi model and save extra money."
4,Really Nice,Best product in this range
4,Good choice,"Good product, rat mesh quality is very bad"
3,Decent product,"The wifi connectivity is useless, it doesn't start through mobile"
3,Good,While start of rinse there will be high vibration for 10 seconds.
5,Simply awesome,"This machine is super powerful, front load washers are way superior than the top load washers.

Its weight is around 70 kg whereas the top load weighs around 31 kg. It's a freaking Jet when it comes to performance, choose front load any day rather than the top load.

Also I have washed a double bed heavy blanket in this 12 kg one and it was a cake walk for this machine."
5,Terrific,"You can go with your eye shut.
Good performance till date have used most functions and does the job well.
AI does good job by suggesting our preferred wash cycles after a week of usage."
5,Wonderful,"Overall a great buy from samsung. Used to top load machines but this front load performs better than top load with less noise and some additional features. Better for 3-4 person family. 8kg machine can easily fit 10-15 clothes at a time. Card offers are good as its available all time.

Pros:
Noise free compared to other machines.
Better wash and added features with hygiene steam.

Cons:
Inlet valve might have been bit long.
Rat mesh quality could have been better.
Wifi enabled features are not upto mark."
5,Classy product,Best
5,Excellent,"Superb design so silent work
Cloths Washing quality is good
Over all amazing washing machine"
5,Worth every penny,Overall good
5,Perfect product!,"Less noise and less water consumption
I"
5,Worth every penny,"Excellent product. Saving lots of time, money and energy. It's fun now to wash the clothes with this latest technology. It gives relaxation and peace of mind. Thanks to Samsung technology."
4,Wonderful,"I'm writing this after 4 month of usage it's a wonderful machine.

Pros-
Cleans any type of dirty clothes
Low electricity consumption
Easy to operate (ladies will get hang of it once they get demo)
Value for money product
Can operate from mobile

Cons-
It produces some noise (not a deal breaker though)
It's recommended to use liquid which is costly
Water wastage

Overall - Just go for it."
4,Pretty good,Bottom cover is made of plastic which can be bend easily.
4,Value-for-money,"Product good, delivery good,demo seduled31st may,dome done on30 may.he explain everything is good.i appreciate him and provided company."
4,Worth the money,Nice
4,Worth the money,Good product
4,Worth the money,"While delivering the item, the product was damaged.

Otherwise it was such a nice product."
4,Good choice,"Product was Good,, But Delivery and installation was worst"
4,Good quality product,Touch expensive but good mone
4,Wonderful,Thanks flipkart for safely delivering the product. The machine is awesome...
4,Very Good,"**Overall Impression:** I am extremely satisfied with my purchase of the Samsung 8 kg washing machine. It combines generous capacity, energy efficiency, and a variety of wash cycles, all wrapped up in a sleek and user-friendly design. If you're in the market for a reliable and efficient washing machine, this model is definitely worth considering."
4,Wonderful,Nice washing machine by samsung.....
4,Wonderful,Very Good Product.. Sofar Happy with the performance and nice washing quality
5,Fabulous!,"My mother's age is nearing 60 now.
Seeing her get tired from washing clothes at this age makes my heart ache.

I had been planning to buy a washing machine for my mother for a long time, but due to voltage issues in our area, I could not buy one earlier.

Now that the voltage problem has been resolved, I have finally purchased this as a gift for my mother; to ease her burden.

I chose this one because it's a future-proof machine; Wi-Fi enabled and fully controllable through the Samsung SmartThings app."
5,Great product,"Flipkart therdparty service very poor, But Today morning I call Samsung customer support and there customer support team very helpful and few hours ago visit Samsung technician and he solved issue and how to use this machine and showed his entire demo. Thank you Samsung customer support team."
5,Hated it!,No one cones to insulation how can I use
5,Excellent,"Samsung washing machine is very great degein, front looking is beautiful and good washing."
5,Great product,Good
5,Perfect product!,Nice washing machine with price
5,Highly recommended,"It is one of the best washing machine I ever use since 20 years, very good quality and function"
5,Terrific purchase,Only Thing i will say is just buy it. It is the best. Smart technology is really helpful.
5,Awesome,very good washing machine good working very easy to use Ôøº
5,Terrific,Value for money
5,Classy product,Best performance it will take little extra time but it's okay üëç
5,Awesome,Very good product.
5,Highly recommended,"Great product from samsung and installation is good
Flipkart always provides great offers"
5,Classy product,As expected....very less noise and cleans deeply. Looks like a expensive one. Happy with samsung.
5,Terrific,Good
5,Highly recommended,The product is nice and upto the expectations.
5,Brilliant,"I washed the king size winter blanket unless it takes very less water, and cleaned awsome. Machine takes very less amount of water for sure. If anyone have water problem please go for it. This machine is full cherry on top ‚ù§lovely."
5,Excellent,"The product was good, best offer I got, workings fine"
5,Just wow!,Writing review after use more than a month. Excellent wash quality in one wash.
5,Highly recommended,Product experience excellent but delivery experience is horrible.
5,Super!,Very good and it's my second time purchase
5,Perfect product!,Superb performance
5,Terrific purchase,Best Washing Machine
5,Brilliant,After using g a month I am writing this review. The product is worth for its value. Till now it is working fine and we face no issue with it. Using it for daily and all types of clothes.
5,Great product,Working fine till now. It's been 4 months
5,Terrific purchase,Performance is excellent üëå
5,Perfect product!,Very nice product at this price range
5,Simply awesome,Superb
5,Worth every penny,Excellent Product Quality
5,Must buy!,Great product
5,Perfect product!,Full satisfied
5,Best in the market!,Nice product üëå Good Design
5,Mind-blowing purchase,Nice pic
5,Wonderful,Very nice product value for money
5,Mind-blowing purchase,Awesome product
5,Great product,Great productüëå Always Samsung üíï
5,Wonderful,Used this for 15 days Washing quality is good its intial stage will update it after 3 months
5,Highly recommended,"Excellent product, no noise, no vibration while cleaning and small vibration at spinning (that's Normal for washing machine)"
5,Terrific,Worthy product.
5,Excellent,Best price
5,Highly recommended,Great pr
5,Terrific purchase,Awesome pro
5,Best in the market!,Good
5,Brilliant,Machine working is very good. I am totally satisfied by this product. Washing quality of clothes are also good. There is no need of pre hand washing to clothes. Ai tecnology works. It's totally full of value for money.
5,Awesome,"Super Product

üöö person is good and hard worker"
5,Terrific,"Writing this review after almost 15 days of use. Buy stand first and foremost requirment.
U can bargain with service engineer. Very less sound while washing. Little bit of sound while spinning at 1400 rpm, which is ok and all washing machine does make that sound.
Performance is quite good. Weight is good, so it does not wobble too much, for which i was worried initially. But all good and everyone can buy it. Features are good and it also removes stains from collar, which i had not expected. There is also a 15 minute wash cycle, prolonged cycles r also there. Drum clean, drum dry all is there. So 9 out of 10 from my side."
5,Highly recommended,"Good performance, I like child lock option and totally its good product worth for money, thank you"
5,Highly recommended,Good machine
5,Terrific,Very excellent product and silent operation any all very good feature with pre loded program
5,Worth every penny,"Writing this after 15 day use... Nice priduct, minimum sound, good service, better quality then LG‡•§‡•§ Because I already use LG"
5,Terrific,"Machine is excellent, no noise as such..."
5,Fabulous!,Good
5,Worth every penny,Good
5,Worth every penny,"My review after 20 days, excellent and very good product from Samsung and more laundries with time also AI control can operate easily with mobile. No noise very cool and good looking."
5,Wonderful,Good product
5,Fabulous!,Got this washing machine for 25k during BBD.. excellent machine. This machine is very silent and have many handful features that can be totally controlled via app on the phone.. cleanes really well.. excellent product by Samsung. Value for money totally
5,Terrific,Product was good . Performance is very satisfying. Scilent in operation. We will get notification through mobile when washing is completed . The only thing i feel is .. it is a wifi enabled device but On and Off and start the washing cycle is working at machine only . There is nothing much use with wifi . Overall product is good .
5,Wonderful,Perfect for 5 members
5,Brilliant,"Good , Value for money"
5,Super!,excellent value for money
5,Super!,Product is very good service is very low
5,Classy product,I Am Happy Thanks Flipkart
5,Brilliant,Product is awesome.....Go for it
5,Simply awesome,"Super product
Value for money
Easy to use
Thanks Flipkart Delivery Next day.but Installation and demo to take 5 days (Technician communication very very bad)"
5,Mind-blowing purchase,Good
5,Simply awesome,"Excellent purchase ...
Till now running smoothly and creating less noise...
I will give my final verdict after one month of use so stay tuned..."
5,Fabulous!,Thanks Flipkart...‚ù§
5,Must buy!,Nice Product . Value for money
5,Must buy!,Best washing machine... noiseless sturdy..but inlet pipe is very short...
5,Perfect product!,"Perfect companion for my home, does the job!"
5,Mind-blowing purchase,Value for money
1,Don't waste your money,Product is making loud rattling noise
1,Very poor,"Genuine review:

Samsung 8.0 kg , the quality of drum is very poor. very light. Not so strong . When knock on the drum, the sound itself speaks of low quality. I had 7.5 kg MARQ front load washing machine. Very robust, drum strong, good build quality. Outer front body got rust with time. It ran 5 years. 2 times per day. 365 days for 5 years.

The door nut and bolt and its fixation with the machine body is of poor quality. If by mistake if you open the door with jolt/ by force, to its maximum opening, the door will unpluck and will come out in your hand. Feels like this.

If by mistake, you are walking and collides with the already open gate at opposite, the door will get unpluck easily and fall on floor. Very cheap quality material.

Buttons available are also not so smooth.

The door lock knob is also very cheap.

Overall, The materials used is of low/cheap quality to compensate with 20 years motor warranty. Adding new features+warranty+low in price/budget= balancing with cheap drum and materials.

Handle with care.
Will review after installation of product and washing the clothes .

One suggestion: Which ever product you want to buy on flipkart, first go in shop and check its drum quality and buttons etc. and decide and purchase.
I guess but not sure, the company makes two types of product 1. for shops. good quality and 2. for online sale. average quality.May be also online product is of low quality with low rate. Shop price is high, may be product quality is good.
I have purchased, so i will not return now.

By look the product looks very attractive. For first time user, they will love the product. Those who have already used other washing machine of good quality, and then purchase these products, they dont like it .

However, online provides middle classes people to buy at budgetary level."
3,Nice,Waste water intake problem
3,Does the job,"All about buy it for wifi oprations that can operate remotely from anywhere, but it's not like that needs physical operation.Disappointment for that."
3,Working Fine,"After using this washing machine for few days, I found out that AI part is mostly gimmick. I am using basic feature to wash my clothes"
3,Fair,The display flicker frequently and sometimes got blank after one-month of use.didnt expect from samsung.similar issue found on other customers
3,Just okay,Make to much noise
3,Decent product,Product design and performance is impressive. The worst thing is happened during the installation. The installation person does not even aware about the machine. The guy told my family that the machine do jog facilitate with warm water and hygiene steam üòÑ
3,Just okay,The machine was vibrating when dry mode is on
3,Fair,It's not up to the mark
3,Good,"Good but whenever power or water get interrupted, washing cycle starts again from starting. Colour cloths getting dull."
3,Fair,It's very good product
3,Good,Washing time sounds not good
3,Fair,Noise is heavy compared to IFB...
3,Just okay,mAchiNe was Good but Samsung service and installation worst...realy bad experience with samsung customercare ...till date no one visit for InstallaTIon after a LoNg time waiT myself inStallEd And Use..kindly report this Bad experience With samsubG CompaNy..i hated
4,Delightful,Great product but No usecase of AI even control from app can be better.
4,Good quality product,Fastest delivery by Flipkart little bit delay on installation demo. Product is good design is awesome.
4,Very Good,"Overall the Machine is very good for small families, with multiple wash modes. The Inlet pipe provided by Samsung is small hence if the washing machine is placed far from the water source, it is advisable to buy extra length. The Wash Quality is good and I have tried normal and winter clothes."
4,Good choice,Good
4,Pretty good,In this machine everything is okay apart from this the program is in built which is given Sometimes it needs to be customised like 60 degree Celsius and 20 minutes so this type of customisation one option or mode is not available but from that everything is okay.
5,Fabulous!,"The product is very good.
The delivery was fast.
The installation was also fast. But the technician is not that
knowledgeable. Overall thanks to flipkart and the team."
5,Mind-blowing purchase,"Bought 8kg fully automatic load for 28k in sale. I'm loving my new 8kg fully automatic washing machine! It's so convenient and easy to use. Just add clothes, detergent, and select the cycle - done! It saves me time and effort. Cleaning is thorough, and it's quiet too. Highly recommend!"
5,Classy product,"Never thought I would buy a washing machine online. I was having so many questions before purchase.
Big thanks to Flipkart for smooth purchase and installation.
Reviewing after a month of use. This product is more than perfect with almost zero noise. Made for heavy wash. This washing machine has unique features like hygiene wash. This is the best in the market. It's costly but value for the price.
cleaning is superb. Never doubt samsung.
Thankyou Flipkart üôÉ"
5,Excellent,Good Looking.... Excellent Setup .... Expected More from it But still satisfied üëç‚úÖ
5,Terrific,"Delightful experience...
As i shifted to fully automatic from semi automatic...it is a great experience using samsung washing
No such voice
Smooth work
80% dry
Awesome connectivity
Hassle free use
Clean clothes
And what not
Totally worth buying product...
Thanku samsung"
5,Terrific,"Samsung build quality is too good
1400 rpm Rising is very fast with No vibration ,No Sound...it's amazing

Happy with this Washing machine."
5,Great product,nice product
5,Terrific purchase,"Machine should be wifi enabled, design should be more attractive,"
3,Fair,Heavy vibration
5,Brilliant,Nice design and good performance. I've been using the IFB machine for the last 20+ years. Need to check if Samsung can deliver similar durability. Only installation got delayed by a day. Other than that I had a good experience.
5,Brilliant,"Like this Samsung 8 kg washing machine I think it is the best washing machine under 32000.......
watch quality is very good but it require a booster pump in my hose condition.‡•§‡•§‡•§‡•§‡•§‡•§
So do not consider this washing machine if you low water pressure problem.‡•§‡•§‡•§‡•§‡•§‡•§
Other than that than this washing machine is very good you can definitely check ‚òë this out.‡•§‡•§‡•§‡•§‡•§‡•§"
2,Bad quality,Smart thing app is not working properly.not able to pause and start.
5,Just wow!,Nice
5,Pretty good,The best
4,Really Nice,Good product
5,Best in the market!,Very good product working Very silently
5,Super!,Nice product
1,Absolute rubbish!,Very poor quality of the plug
1,Worst experience ever!,Very bad experience of indtal
5,Terrific purchase,Keepup good job
5,Must buy!,Good
5,Terrific purchase,Good product üëåüëåüëåüëåüëå
5,Best in the market!,Ok ok
5,Perfect product!,Good
5,Highly recommended,Best
5,Must buy!,Sup
4,Wonderful,The best order in my experience to all orders please go for it
5,Fabulous!,"Parfect product, parfect service, Thanks flipkart, I vary happy"
5,Fabulous!,love the performance of machine
5,Wonderful,Nice product
5,Just wow!,Good product
5,Excellent,Excellent
5,Great product,Good product with good performance
5,Highly recommended,Nice work
2,Good,"Vibration wise, the design still needs to be improved. Vibration adversely affects the durability of the"
4,Good quality product,Excellent
5,Terrific purchase,Good build quality
5,Wonderful,Very good wash quality and zero noise washing machine
5,Wonderful,Very nice washing machine but delivery and installation time was too much longer
5,Classy product,"Excellent machine best in front load 7-9 kg segment.
Pros:
There is no vibration in 1200 RPM spinning
Perfect wash quality
Superb build quality
Beautiful design
Low power and water consumption
No sound
Cons: ( won't say Cons but scope of improvements to make it perfect)
Water drain pipe could have been better

Overall value for money. Go for it without a second thought.
I bought it during the Diwali sale (26918)and got some good deals.
Actually, MRP is mentioned 49999, but in samsung official website, the actual cost of this product 29999. If it's higher than this anywhere, please check once in the manufacturer website.

Thanks, Flipkart, for providing such a wonderful service and always my trusted platform."
4,Good choice,"Wifi and AI enabled Technology with smart things
make it user friendly easy operation. Thanks for Samsung engineering Technology."
5,Fabulous!,Nice
5,Terrific,Good perf
4,Delightful,Good product
5,Great product,Value for money product and excellent service‡•§
5,Fabulous!,Perfect washing machine
5,Excellent,Good
4,Wonderful,Very good washing machine.value for money
5,Perfect product!,Beutiful machine... Wonder full function.. Value for money in my opinion.
5,Worth every penny,Awesome...
5,Mind-blowing purchase,"Vibrates at higher RPM(mind having a good stand), Rest all is good."
5,Wonderful,To good
4,Very Good,Ex
5,Worth every penny,Best washing machine and great discount price
2,Unsatisfactory,"This product is not working properly,"
5,Mind-blowing purchase,Nice and useful
1,Waste of money!,"I was not satisfied with installation and demo. That person just switched on and didn't clear on our doubts like regarding wifi smart on telling look online for doubts.
Machine wise very good but service is v.v poor not at all satisfied"
1,Horrible,Product is good but delivery system not good
4,Good quality product,Good product
5,Terrific,Thank you so much
4,Delightful,Good product
5,Must buy!,Good Quality
1,Useless product,"Service of flipkart is pathetic, I would never considered them for any future purchase, they promise assurance of 48hours installation which they do in 15 days. Even the technician from Jeevs is pathetic didn't explained anything now we don't know how to use it."
5,Excellent,Thank u
5,Just wow!,Nice pro
5,Terrific,Good washing machine samsung
5,Terrific purchase,Awesome product
5,Simply awesome,Good product
5,Classy product,Super good
4,Worth the money,Overall value for money product
1,Useless product,Display not working properly
5,Simply awesome,Good
5,Great product,"***** BEST COMPANY, GOOD QUALITY"
5,Perfect product!,Wonderful product ..best price
5,Must buy!,Very effective and efficient.
5,Awesome,Superb
5,Best in the market!,Excellent product and performance
2,Terrible product,"There is complete damage inside the machine, water is not coming out of the machine and it is not working at all."
3,Just okay,"Awesome product, thank you flipcart and packing is so good, using is so easy"
1,Not recommended at all,I received effective product after one month I didn't get any single wash everytime belt has removed drumst top spinning
5,Fabulous!,All good
5,Simply awesome,"Best washing machine ever. Washing quality is very good,and the dryer is also good that almost dry upto 85-90%.No vibration,no noise."
3,Does the job,"Product is awesome, delivery person was also good, installation and demo was not satisfactory."
1,Not recommended at all,Very worst service support in this brand actually I booked my service request before 3days but till now also not resolved my issue daily I talk to customer service team they told again and again tomorrow Will clear your issue only really I'm not satisfied to bought this product very very worst service
3,Nice,Not good
3,Nice,Ok
5,Perfect product!,Very good
5,Fabulous!,"Good Service by flipkart they dileverd it before time with prior information for time management

Great product service by flipkart and Samsung"
5,Must buy!,It has 22 different types of washing modes. And its washing quality is good
5,Fabulous!,Very gd product from Samsung
5,Fabulous!,Worth it.. best in class.. below 30k this is best
5,Great product,Very nice product and value of money
5,Simply awesome,I would recommend this
4,Worth the money,Good
5,Just wow!,"Everyone adviced me to buy IFB, bcoz there is a certain numbers of IFB machines installed around us. But i go for samsung and now they are so jealous with my washing machine. Its a great product from Samsung. Easy to use, easy to handle, zero noise, and great washing experience. Just go for it."
5,Fabulous!,Nice
4,Nice product,Ok
1,Not recommended at all,I want to give 0 rating regarding the delivery agent having no common sense for the how to behave with ledies and lot of attitude was observed he can't ready to delivery product smoothly and his argument was more than next level
5,Excellent,Excellent üëå
1,Worthless,Getting sound from back side
5,Best in the market!,Good product
4,Good choice,Good product
5,Simply awesome,Very Good
5,Highly recommended,Good
1,Useless product,Never purchase any product from Flipkart.
2,Expected a better product,Not properly cleaning
5,Simply awesome,Super Samsung products
1,Worst experience ever!,Installation not done properly performance more time design more occupance not value for money just delivery is good installation not properly water leaking from outlet not good product
5,Terrific,All
2,Could be way better,Detergent cabinet was automatically removed while washing
1,Waste of money!,We purchased online.. the machine is leaving water behind in the machine also sometimes door not open at all.. Service is the worst.. For everything they say they will resolve on phone üòï... Don't buy by mistake also please
1,Absolute rubbish!,No function
5,Classy product,"Great product, good experience of flipkart."
1,Hated it!,Max mantainance
5,Great product,"It has been 2 days only, it is really great so far. Exact experience will be shared after using 4-6 months of its use."
5,Great product,"Love the product.
Very good at cleaning.
Modern technology.
Very Less vibration."
5,Wonderful,Nice pro
5,Great product,I am so happy to use my samsung waching machine
4,Wonderful,V good
1,Horrible,Product is good but delivery was very horrible and extremely late
5,Highly recommended,Great
5,Worth every penny,Best in the market with affordable price at flipkart.....
5,Highly recommended,Samsong good washing 12 kg washing machine ok wellden nice product but flipkart worst reply no responseble lezy people'no perchege flipkart
5,Just wow!,Good product and voiceless
4,Pretty good,good
5,Super!,Supper
5,Highly recommended,Super
5,Simply awesome,Nice
5,Super!,Delivery on scheduled time. Amazing product.. washing quantity is superb. Expensive but value for money.
4,Wonderful,Best
1,Worst experience ever!,"The installation technician has no knowledge about the product,he just fitted the pipes.
No demo at all.no level checking,if ur machine placed without level cheking,it can harm drum,tub.which is the most important part of the product."
5,Super!,Good service and nice looking
5,Super!,Very nice
4,Nice product,Excellent product and easy to use.
4,Good choice,Nice
5,Must buy!,I loved the features! Value for money üí∞
5,Super!,Good product
5,Worth every penny,Washing program good but machine spin time just vibration Condition
4,Pretty good,"Good washer, considering current time, warm water and washing clothes and drying is also well. No complaint so far. Overall g"
5,Wonderful,"Great design, Performance outstanding, also service by Samsung great, and fast delivery by Flipkart. Value for money."
5,Brilliant,Very smooth performance
2,Moderate,Lg washing machine for Best samsung washing machine for not good lg DD technology samsung not blanket not washing program not available for samsung
5,Terrific,"Washing machine is perfect for 4 to 5 member family performance is nice . Cleaning is 5/5
Thank you Flipkart and samsung for this wonderful pic of appliance very useful for my mother."
5,Worth every penny,Flipkart awesome work done
